{
  "task": "dep",
  "scenarios": 24,
  "baseline_mean": 0.08291666666666667,
  "trained_mean": 0.38458333333333333,
  "improvement": 0.30166666666666664,
  "baseline_scores": {
    "dep_001": 0.01,
    "dep_002": 0.01,
    "dep_003": 0.01,
    "dep_004": 0.01,
    "dep_005": 0.01,
    "dep_006": 0.02,
    "dep_007": 0.02,
    "dep_008": 0.3,
    "dep_009": 0.02,
    "dep_010": 0.01,
    "dep_011": 0.23,
    "dep_012": 0.02,
    "dep_013": 0.44,
    "dep_014": 0.01,
    "dep_015": 0.02,
    "dep_016": 0.52,
    "dep_017": 0.02,
    "dep_018": 0.17,
    "dep_019": 0.02,
    "dep_020": 0.02,
    "dep_021": 0.01,
    "dep_022": 0.06,
    "dep_023": 0.02,
    "dep_024": 0.01
  },
  "trained_scores": {
    "dep_001": 0.01,
    "dep_002": 0.06,
    "dep_003": 0.06,
    "dep_004": 0.06,
    "dep_005": 0.01,
    "dep_006": 0.06,
    "dep_007": 0.23,
    "dep_008": 0.65,
    "dep_009": 0.29,
    "dep_010": 0.79,
    "dep_011": 0.46,
    "dep_012": 0.6,
    "dep_013": 0.73,
    "dep_014": 0.22,
    "dep_015": 0.93,
    "dep_016": 0.52,
    "dep_017": 0.01,
    "dep_018": 0.47,
    "dep_019": 0.3,
    "dep_020": 0.52,
    "dep_021": 0.35,
    "dep_022": 0.72,
    "dep_023": 0.5,
    "dep_024": 0.68
  }
}