{
  "task": "iac",
  "scenarios": 13,
  "baseline_mean": 0.17692307692307693,
  "trained_mean": 0.3030769230769231,
  "improvement": 0.12615384615384614,
  "baseline_scores": {
    "iac_002": 0.23,
    "iac_004": 0.09,
    "iac_005": 0.06,
    "iac_007": 0.01,
    "iac_010": 0.01,
    "iac_014": 0.01,
    "iac_016": 0.18,
    "iac_018": 0.54,
    "iac_019": 0.19,
    "iac_020": 0.39,
    "iac_022": 0.14,
    "iac_023": 0.44,
    "iac_024": 0.01
  },
  "trained_scores": {
    "iac_002": 0.31,
    "iac_004": 0.06,
    "iac_005": 0.06,
    "iac_007": 0.4,
    "iac_010": 0.76,
    "iac_014": 0.01,
    "iac_016": 0.13,
    "iac_018": 0.2,
    "iac_019": 0.39,
    "iac_020": 0.23,
    "iac_022": 0.54,
    "iac_023": 0.44,
    "iac_024": 0.41
  }
}